Model,Architecture,Params (M),Accuracy,Precision,Recall,F1-Score
ResNet-18,resnet18_3d,33.165643,0.9147540983606557,0.916906972931699,0.9147540983606557,0.9151484872685989
DenseNet-121,densenet121_3d,5.584523,0.9065573770491804,0.9083497705519713,0.9065573770491804,0.9070229792078219
EfficientNet-B0,efficientnet3d_b0,1.219595,0.898360655737705,0.9021678918336254,0.898360655737705,0.8989881984149637
ResNet-34,resnet34_3d,63.475275,0.8950819672131147,0.9056786362447659,0.8950819672131147,0.8952475886165304
