Model,Architecture,Params (M),Accuracy,Precision,Recall,F1-Score
ResNet-18,resnet18_3d,33.165643,0.9245901639344263,0.9260838524594933,0.9245901639344263,0.9249771972225942
DenseNet-121,densenet121_3d,5.584523,0.9229508196721311,0.9263968517587101,0.9229508196721311,0.9228845087320906
EfficientNet-B0,efficientnet3d_b0,1.219595,0.8672131147540983,0.8797858808246232,0.8672131147540983,0.8693774490327212
