Model,Architecture,Params (M),Accuracy,Precision,Recall,F1-Score
ResNet-18,resnet18_3d,33.165643,0.9147540983606557,0.916906972931699,0.9147540983606557,0.9151484872685989
DenseNet-121,densenet121_3d,5.584523,0.9065573770491804,0.9083497705519713,0.9065573770491804,0.9070229792078219
