Model,Architecture,Params (M),Accuracy,Precision,Recall,F1-Score
DenseNet-121,densenet121_3d,5.584523,0.9098360655737705,0.9142286694977966,0.9098360655737705,0.9087577223469289
ResNet-18,resnet18_3d,33.165643,0.9,0.9044293199102623,0.9,0.9001646562896328
EfficientNet-B0,efficientnet3d_b0,1.219595,0.898360655737705,0.9021678918336254,0.898360655737705,0.8989881984149637
ResNet-34,resnet34_3d,63.475275,0.8950819672131147,0.9056786362447659,0.8950819672131147,0.8952475886165304
