Model,Accuracy Mean,Accuracy Std,AUC Macro Mean,AUC Macro Std,AUC Weighted Mean,AUC Weighted Std
Coarse (Stage 1),0.9637557989941913,0.029019596228548977,0.9942567840526483,0.006268049234709791,0.9942567840526483,0.006268049234709791
Hierarchical (Full),0.44594752641222557,0.25637635717716756,0.7698126206843152,0.1426993917522097,0.7623353602747854,0.14983185549157244
