Model,Accuracy Mean,Accuracy Std,AUC Macro Mean,AUC Macro Std,AUC Weighted Mean,AUC Weighted Std
Coarse (Stage 1),0.9805816537366964,0.008148337840586821,0.9920598332766944,0.011319275307570197,0.9920598332766944,0.011319275307570197
Hierarchical (Full),0.8047600483411953,0.028718623631147945,0.9643490222580724,0.010065853352985913,0.9625178028840462,0.008272669942049499
