Model,Accuracy Mean,Accuracy Std,AUC Macro Mean,AUC Macro Std,AUC Weighted Mean,AUC Weighted Std
Coarse (Stage 1),0.9717165022806128,0.01694716106794738,0.9942562040149527,0.008470235767672033,0.9942562040149527,0.008470235767672033
Hierarchical (Full),0.6472223305134303,0.25664367769145574,0.905178364474226,0.11387447275673093,0.8991148879515635,0.12006383481728598
