Model,Accuracy Mean,Accuracy Std,AUC Macro Mean,AUC Macro Std,AUC Weighted Mean,AUC Weighted Std
Coarse (Stage 1),0.9770067443764375,0.022114625151360662,0.9885696031586806,0.020182375425474502,0.9885696031586806,0.020182375425474502
Hierarchical (Full),0.6028653853650929,0.31960675216628154,0.8481510681153999,0.16662424547004356,0.8465219274277718,0.166221148526264
